Workbook

Sheet Model
A1: Rate Shock Model: Top 10 Watchlist Banks (as of 2026-06-30)
A2: Scenario | B2: +100bp | C2: <- pick a scenario
A3: Shock (decimal) | B3: =INDEX(Assumptions!$B$11:$B$14,MATCH($B$2,Assumptions!$A$11:$A$14,0))/10000 -> 0.01
A4: All dollar amounts in $ thousands (Call Report units).
A6: Rank | B6: Bank | C6: Tier 1 | D6: RWA | E6: Total assets | F6: AOCI opt-out | G6: HTM unreal. G/L | H6: AFS unreal. G/L | I6: Base adj. Tier 1 | J6: Ratio denominator | K6: Base adj. T1 ratio | L6: Value change | M6: After-tax change | N6: Shocked adj. T1 | O6: Shocked adj. T1 ratio | P6: Change (pp) | Q6: Below threshold? | R6: gov_0_3m | S6: gov_3_12m | T6: gov_1_3y | U6: gov_3_5y | V6: gov_5_15y | W6: gov_15y | X6: mbs_0_3m | Y6: mbs_3_12m | Z6: mbs_1_3y | AA6: mbs_3_5y | AB6: mbs_5_15y | AC6: mbs_15y | AD6: cmo_0_3y | AE6: cmo_3y
A7: 1 | B7: INWOOD NATIONAL BANK | C7: 465233 | D7: 2875861 | E7: 4260043 | F7: 1 | G7: -175753 | H7: 0 | I7: =C7+(G7+H7*F7)*(1-Assumptions!$B$7) -> 326388.13 | J7: =IF(AND(ISNUMBER(D7),D7>0),D7,E7) -> 2875861 | K7: =IF(J7>0,I7/J7,0) -> 0.11349232 | L7: =-$B$3*(SUMPRODUCT(R7:W7,Assumptions!$B$4:$G$4)+IF($B$3<0,Assumptions!$B$8,1)*SUMPRODUCT(X7:AE7,Assumptions!$H$4:$O$4)) -> -70890.101 | M7: =L7*(1-Assumptions!$B$7) -> -56003.18 | N7: =I7+M7 -> 270384.95 | O7: =IF(J7>0,N7/J7,0) -> 0.094018783 | P7: =(O7-K7)*100 -> -1.9473535 | Q7: =IF(O7<IF(AND(ISNUMBER(D7),D7>0),0.06,0.05),"YES","no") -> no | R7: 16786 | S7: 62864 | T7: 70446 | U7: 86210 | V7: 178115 | W7: 51137 | X7: 4 | Y7: 98 | Z7: 4238 | AA7: 8233 | AB7: 104134 | AC7: 595101 | AD7: 21275 | AE7: 91736
A8: 2 | B8: TEXAS REGIONAL BANK | C8: 266733 | D8: 2212420 | E8: 2949812 | F8: 1 | G8: -137 | H8: -66682 | I8: =C8+(G8+H8*F8)*(1-Assumptions!$B$7) -> 213945.99 | J8: =IF(AND(ISNUMBER(D8),D8>0),D8,E8) -> 2212420 | K8: =IF(J8>0,I8/J8,0) -> 0.096702249 | L8: =-$B$3*(SUMPRODUCT(R8:W8,Assumptions!$B$4:$G$4)+IF($B$3<0,Assumptions!$B$8,1)*SUMPRODUCT(X8:AE8,Assumptions!$H$4:$O$4)) -> -46309.42 | M8: =L8*(1-Assumptions!$B$7) -> -36584.442 | N8: =I8+M8 -> 177361.55 | O8: =IF(J8>0,N8/J8,0) -> 0.08016631 | P8: =(O8-K8)*100 -> -1.6535939 | Q8: =IF(O8<IF(AND(ISNUMBER(D8),D8>0),0.06,0.05),"YES","no") -> no | R8: 81283 | S8: 3357 | T8: 55628 | U8: 32178 | V8: 140070 | W8: 176356 | X8: 60 | Y8: 14 | Z8: 799 | AA8: 2210 | AB8: 10735 | AC8: 14274 | AD8: 27951 | AE8: 174608
A9: 3 | B9: SIMMONS BANK | C9: 2164064 | D9: 20720245 | E9: 24732685 | F9: 1 | G9: 0 | H9: -427082 | I9: =C9+(G9+H9*F9)*(1-Assumptions!$B$7) -> 1826669.2 | J9: =IF(AND(ISNUMBER(D9),D9>0),D9,E9) -> 20720245 | K9: =IF(J9>0,I9/J9,0) -> 0.088158669 | L9: =-$B$3*(SUMPRODUCT(R9:W9,Assumptions!$B$4:$G$4)+IF($B$3<0,Assumptions!$B$8,1)*SUMPRODUCT(X9:AE9,Assumptions!$H$4:$O$4)) -> -183687.15 | M9: =L9*(1-Assumptions!$B$7) -> -145112.85 | N9: =I9+M9 -> 1681556.4 | O9: =IF(J9>0,N9/J9,0) -> 0.081155236 | P9: =(O9-K9)*100 -> -0.70034332 | Q9: =IF(O9<IF(AND(ISNUMBER(D9),D9>0),0.06,0.05),"YES","no") -> no | R9: 490013 | S9: 53222 | T9: 7785 | U9: 28249 | V9: 268656 | W9: 609431 | X9: 2507 | Y9: 9 | Z9: 918 | AA9: 19104 | AB9: 992164 | AC9: 483584 | AD9: 124 | AE9: 121141
A10: 4 | B10: NORTH AMERICAN BANKING COMPANY | C10: 136836 | D10: 935505 | E10: 1473505 | F10: 1 | G10: 0 | H10: -36882 | I10: =C10+(G10+H10*F10)*(1-Assumptions!$B$7) -> 107699.22 | J10: =IF(AND(ISNUMBER(D10),D10>0),D10,E10) -> 935505 | K10: =IF(J10>0,I10/J10,0) -> 0.11512415 | L10: =-$B$3*(SUMPRODUCT(R10:W10,Assumptions!$B$4:$G$4)+IF($B$3<0,Assumptions!$B$8,1)*SUMPRODUCT(X10:AE10,Assumptions!$H$4:$O$4)) -> -23121.706 | M10: =L10*(1-Assumptions!$B$7) -> -18266.148 | N10: =I10+M10 -> 89433.072 | O10: =IF(J10>0,N10/J10,0) -> 0.095598711 | P10: =(O10-K10)*100 -> -1.9525441 | Q10: =IF(O10<IF(AND(ISNUMBER(D10),D10>0),0.06,0.05),"YES","no") -> no | R10: 21529 | S10: 30852 | T10: 86847 | U10: 81377 | V10: 144730 | W10: 19950 | X10: 0 | Y10: 0 | Z10: 0 | AA10: 0 | AB10: 0 | AC10: 0 | AD10: 0 | AE10: 90774
A11: 5 | B11: READING CO-OPERATIVE BANK | C11: 85069 | D11: 802053 | E11: 1186904 | F11: 1 | G11: 0 | H11: -18225 | I11: =C11+(G11+H11*F11)*(1-Assumptions!$B$7) -> 70671.25 | J11: =IF(AND(ISNUMBER(D11),D11>0),D11,E11) -> 802053 | K11: =IF(J11>0,I11/J11,0) -> 0.088112943 | L11: =-$B$3*(SUMPRODUCT(R11:W11,Assumptions!$B$4:$G$4)+IF($B$3<0,Assumptions!$B$8,1)*SUMPRODUCT(X11:AE11,Assumptions!$H$4:$O$4)) -> -8289.678 | M11: =L11*(1-Assumptions!$B$7) -> -6548.8456 | N11: =I11+M11 -> 64122.404 | O11: =IF(J11>0,N11/J11,0) -> 0.079947839 | P11: =(O11-K11)*100 -> -0.81651033 | Q11: =IF(O11<IF(AND(ISNUMBER(D11),D11>0),0.06,0.05),"YES","no") -> no | R11: 3433 | S11: 866 | T11: 2131 | U11: 504 | V11: 11162 | W11: 4909 | X11: 0 | Y11: 0 | Z11: 0 | AA11: 0 | AB11: 0 | AC11: 111380 | AD11: 0 | AE11: 0
A12: 6 | B12: NATIONAL BANK OF INDIANAPOLIS, THE | C12: 286121 | D12: 2504395 | E12: 3037564 | F12: 1 | G12: 0 | H12: -61578 | I12: =C12+(G12+H12*F12)*(1-Assumptions!$B$7) -> 237474.38 | J12: =IF(AND(ISNUMBER(D12),D12>0),D12,E12) -> 2504395 | K12: =IF(J12>0,I12/J12,0) -> 0.094823053 | L12: =-$B$3*(SUMPRODUCT(R12:W12,Assumptions!$B$4:$G$4)+IF($B$3<0,Assumptions!$B$8,1)*SUMPRODUCT(X12:AE12,Assumptions!$H$4:$O$4)) -> -27993.729 | M12: =L12*(1-Assumptions!$B$7) -> -22115.046 | N12: =I12+M12 -> 215359.33 | O12: =IF(J12>0,N12/J12,0) -> 0.085992559 | P12: =(O12-K12)*100 -> -0.88304942 | Q12: =IF(O12<IF(AND(ISNUMBER(D12),D12>0),0.06,0.05),"YES","no") -> no | R12: 820 | S12: 33614 | T12: 50645 | U12: 47584 | V12: 29830 | W12: 75086 | X12: 0 | Y12: 0 | Z12: 0 | AA12: 0 | AB12: 42495 | AC12: 28800 | AD12: 8274 | AE12: 206356
A13: 7 | B13: UNION BANK | C13: 130847 | D13: 1021365 | E13: 1558133 | F13: 1 | G13: 0 | H13: -34738 | I13: =C13+(G13+H13*F13)*(1-Assumptions!$B$7) -> 103403.98 | J13: =IF(AND(ISNUMBER(D13),D13>0),D13,E13) -> 1021365 | K13: =IF(J13>0,I13/J13,0) -> 0.10124097 | L13: =-$B$3*(SUMPRODUCT(R13:W13,Assumptions!$B$4:$G$4)+IF($B$3<0,Assumptions!$B$8,1)*SUMPRODUCT(X13:AE13,Assumptions!$H$4:$O$4)) -> -18649.228 | M13: =L13*(1-Assumptions!$B$7) -> -14732.89 | N13: =I13+M13 -> 88671.09 | O13: =IF(J13>0,N13/J13,0) -> 0.086816261 | P13: =(O13-K13)*100 -> -1.4424706 | Q13: =IF(O13<IF(AND(ISNUMBER(D13),D13>0),0.06,0.05),"YES","no") -> no | R13: 2774 | S13: 507 | T13: 17675 | U13: 9110 | V13: 16082 | W13: 41558 | X13: 0 | Y13: 0 | Z13: 0 | AA13: 0 | AB13: 23175 | AC13: 125976 | AD13: 12897 | AE13: 56014
A14: 8 | B14: FIRST HAWAIIAN BANK | C14: 2183260 | D14: 16498440 | E14: 23648513 | F14: 1 | G14: -376209 | H14: -181138 | I14: =C14+(G14+H14*F14)*(1-Assumptions!$B$7) -> 1742955.9 | J14: =IF(AND(ISNUMBER(D14),D14>0),D14,E14) -> 16498440 | K14: =IF(J14>0,I14/J14,0) -> 0.10564368 | L14: =-$B$3*(SUMPRODUCT(R14:W14,Assumptions!$B$4:$G$4)+IF($B$3<0,Assumptions!$B$8,1)*SUMPRODUCT(X14:AE14,Assumptions!$H$4:$O$4)) -> -261305 | M14: =L14*(1-Assumptions!$B$7) -> -206430.95 | N14: =I14+M14 -> 1536524.9 | O14: =IF(J14>0,N14/J14,0) -> 0.093131528 | P14: =(O14-K14)*100 -> -1.251215 | Q14: =IF(O14<IF(AND(ISNUMBER(D14),D14>0),0.06,0.05),"YES","no") -> no | R14: 44376 | S14: 0 | T14: 15320 | U14: 46658 | V14: 409813 | W14: 185465 | X14: 13412 | Y14: 603 | Z14: 0 | AA14: 0 | AB14: 591456 | AC14: 404122 | AD14: 643409 | AE14: 3151749
A15: 9 | B15: INDEPENDENCE BANK OF KENTUCKY | C15: 350710 | E15: 3826419 | F15: 1 | G15: -223853 | H15: -29847 | I15: =C15+(G15+H15*F15)*(1-Assumptions!$B$7) -> 150287 | J15: =IF(AND(ISNUMBER(D15),D15>0),D15,E15) -> 3826419 | K15: =IF(J15>0,I15/J15,0) -> 0.039276148 | L15: =-$B$3*(SUMPRODUCT(R15:W15,Assumptions!$B$4:$G$4)+IF($B$3<0,Assumptions!$B$8,1)*SUMPRODUCT(X15:AE15,Assumptions!$H$4:$O$4)) -> -96911.596 | M15: =L15*(1-Assumptions!$B$7) -> -76560.161 | N15: =I15+M15 -> 73726.839 | O15: =IF(J15>0,N15/J15,0) -> 0.019267843 | P15: =(O15-K15)*100 -> -2.0008306 | Q15: =IF(O15<IF(AND(ISNUMBER(D15),D15>0),0.06,0.05),"YES","no") -> YES | R15: 104120 | S15: 14044 | T15: 22607 | U15: 35812 | V15: 599243 | W15: 209051 | X15: 0 | Y15: 2 | Z15: 0 | AA15: 0 | AB15: 154 | AC15: 0 | AD15: 16602 | AE15: 431064
A16: 10 | B16: AMERICAN NATIONAL BANK OF TEXAS, THE | C16: 504338 | D16: 4101104 | E16: 5505445 | F16: 1 | G16: 0 | H16: -252571 | I16: =C16+(G16+H16*F16)*(1-Assumptions!$B$7) -> 304806.91 | J16: =IF(AND(ISNUMBER(D16),D16>0),D16,E16) -> 4101104 | K16: =IF(J16>0,I16/J16,0) -> 0.074323136 | L16: =-$B$3*(SUMPRODUCT(R16:W16,Assumptions!$B$4:$G$4)+IF($B$3<0,Assumptions!$B$8,1)*SUMPRODUCT(X16:AE16,Assumptions!$H$4:$O$4)) -> -101312.33 | M16: =L16*(1-Assumptions!$B$7) -> -80036.74 | N16: =I16+M16 -> 224770.17 | O16: =IF(J16>0,N16/J16,0) -> 0.054807235 | P16: =(O16-K16)*100 -> -1.9515901 | Q16: =IF(O16<IF(AND(ISNUMBER(D16),D16>0),0.06,0.05),"YES","no") -> YES | R16: 23953 | S16: 36171 | T16: 198602 | U16: 367307 | V16: 972448 | W16: 1456 | X16: 0 | Y16: 0 | Z16: 0 | AA16: 341 | AB16: 47450 | AC16: 5624 | AD16: 8448 | AE16: 71046
A18: Notes: Ratio denominator is RWA, or total assets for community bank leverage ratio filers. Base adj. Tier 1 deducts after-tax HTM losses, plus AFS losses for AOCI opt-out banks. Below threshold means under 6% on RWA or under 5% on total assets.
A19: Source: FFIEC Call Reports (RC-B, RC-R), FRED Treasury yields. Blue = inputs, black = formulas.

Sheet Assumptions
A1: Assumptions (blue = input, edit freely)
A3: Bucket | B3: gov_0_3m | C3: gov_3_12m | D3: gov_1_3y | E3: gov_3_5y | F3: gov_5_15y | G3: gov_15y | H3: mbs_0_3m | I3: mbs_3_12m | J3: mbs_1_3y | K3: mbs_3_5y | L3: mbs_5_15y | M3: mbs_15y | N3: cmo_0_3y | O3: cmo_3y
A4: Duration (yrs) | B4: 0.491 | C4: 0.49 | D4: 1.901 | E4: 3.649 | F4: 8.005 | G4: 12.902 | H4: 0.1 | I4: 0.5 | J4: 1.7 | K4: 3 | L4: 4.5 | M4: 6 | N4: 1.5 | O4: 4.5
A5: Type | B5: Gov/other | C5: Gov/other | D5: Gov/other | E5: Gov/other | F5: Gov/other | G5: Gov/other | H5: Mortgage | I5: Mortgage | J5: Mortgage | K5: Mortgage | L5: Mortgage | M5: Mortgage | N5: Mortgage | O5: Mortgage
A7: Tax rate | B7: 0.21
A8: MBS down-shock factor | B8: 0.6 | C8: Mortgage gains scaled down when rates fall (negative convexity). Assumption.
A10: Scenario | B10: Shock (bp)
A11: Base | B11: 0
A12: +100bp | B12: 100
A13: +200bp | B13: 200
A14: -100bp | B14: -100
A17: Treasury curve used
A18: 0.25y | B18: 0.0387
A19: 1y | B19: 0.0398
A20: 2y | B20: 0.0414
A21: 5y | B21: 0.0419
A22: 10y | B22: 0.0444
A23: 30y | B23: 0.0491
A24: Source: FRED H.15 constant maturity, as of 2026-06-30
